DATE,NASDAQ:AAPL,NYSE:GS,NASDAQ:MSFT,NYSE:CAT,,,,,
1/2/2020,75.09,234.32,160.62,150.53,,,,,
1/3/2020,74.36,231.58,158.62,148.44,,,,,
1/6/2020,74.95,233.95,159.03,148.34,,,,,
1/7/2020,74.60,235.49,157.58,146.38,,,,,
1/8/2020,75.80,237.76,160.09,147.68,,,,,
1/9/2020,77.41,242.60,162.09,147.31,,,,,
1/10/2020,77.58,242.11,161.34,146.13,,,,,
1/13/2020,79.24,245.21,163.28,146.82,,,,,
1/14/2020,78.17,245.66,162.13,146.68,,,,,
1/15/2020,77.83,245.21,163.18,145.57,,,,,
1/16/2020,78.81,249.72,166.17,147.87,,,,,
1/17/2020,79.68,249.46,167.10,147.78,,,,,
1/21/2020,79.14,245.70,166.50,145.85,,,,,
1/22/2020,79.43,247.05,165.70,142.63,,,,,
1/23/2020,79.81,245.58,166.72,142.75,,,,,
1/24/2020,79.58,241.92,165.04,140.38,,,,,
1/27/2020,77.24,238.14,162.28,135.73,,,,,
1/28/2020,79.42,242.58,165.46,136.74,,,,,
1/29/2020,81.08,240.12,168.04,135.78,,,,,
1/30/2020,80.97,244.13,172.78,135.37,,,,,
1/31/2020,77.38,237.75,170.23,131.35,,,,,
2/3/2020,77.17,239.01,174.38,129.77,,,,,
2/4/2020,79.71,241.94,180.12,133.51,,,,,
2/5/2020,80.36,244.30,179.90,137.44,,,,,
2/6/2020,81.30,241.82,183.63,137.25,,,,,
2/7/2020,80.01,238.00,183.89,133.37,,,,,
2/10/2020,80.39,237.36,188.70,134.32,,,,,
2/11/2020,79.90,236.46,184.44,136.19,,,,,
2/12/2020,81.80,238.65,184.71,139.59,,,,,
2/13/2020,81.22,238.35,183.71,139.72,,,,,
2/14/2020,81.24,237.08,185.35,137.99,,,,,
2/18/2020,79.75,233.21,187.23,136.58,,,,,
2/19/2020,80.91,237.33,187.28,136.86,,,,,
2/20/2020,80.08,232.73,184.42,136.93,,,,,
2/21/2020,78.26,230.62,178.59,137.21,,,,,
2/24/2020,74.55,224.54,170.89,132.17,,,,,
2/25/2020,72.02,217.61,168.07,129.00,,,,,
2/26/2020,73.16,215.78,170.17,128.25,,,,,
2/27/2020,68.38,205.69,158.18,123.27,,,,,
2/28/2020,68.34,200.77,162.01,124.24,,,,,
3/2/2020,74.70,209.47,172.79,127.60,,,,,
3/3/2020,72.33,203.43,164.51,124.38,,,,,
3/4/2020,75.69,208.74,170.55,127.40,,,,,
3/5/2020,73.23,198.79,166.27,121.97,,,,,
3/6/2020,72.26,192.85,161.57,121.41,,,,,
3/9/2020,66.54,172.81,150.62,104.07,,,,,
3/10/2020,71.33,184.35,160.92,106.49,,,,,
3/11/2020,68.86,171.89,153.63,100.69,,,,,
3/12/2020,62.06,150.68,139.06,92.26,,,,,
3/13/2020,69.49,177.17,158.83,99.64,,#VALUE!,,,
3/16/2020,60.55,154.66,135.42,93.41,,,,,
3/17/2020,63.22,158.67,146.57,100.20,,,,,
3/18/2020,61.67,140.02,140.40,100.12,,,,,
3/19/2020,61.20,149.49,142.71,103.01,,,,,
3/20/2020,57.31,138.41,137.35,95.50,,,,,
3/23/2020,56.09,134.97,135.98,91.85,,,,,
3/24/2020,61.72,153.60,148.34,101.34,,,,,
3/25/2020,61.38,155.13,146.92,104.67,,,,,
3/26/2020,64.61,165.79,156.11,110.50,,,,,
3/27/2020,61.94,158.34,149.70,105.44,,,,,
3/30/2020,63.70,159.62,160.23,111.71,,,,,
3/31/2020,63.57,154.59,157.71,116.04,,,,,
4/1/2020,60.23,145.29,152.11,111.35,,,,,
4/2/2020,61.23,149.93,155.26,116.74,,,,,
4/3/2020,60.35,146.93,153.83,114.67,,,,,
4/6/2020,65.62,158.23,165.27,120.43,,,,,
4/7/2020,64.86,166.02,163.49,121.92,,,,,
4/8/2020,66.52,176.96,165.13,127.40,,,,,
4/9/2020,67.00,184.26,165.14,125.03,,,,,
4/13/2020,68.31,179.18,165.51,114.14,,,,,
4/14/2020,71.76,178.23,173.70,116.48,,,,,
4/15/2020,71.11,178.52,171.88,111.53,,,,,
4/16/2020,71.67,177.04,177.04,113.22,,,,,
4/17/2020,70.70,183.49,178.60,116.30,,,,,
4/20/2020,69.23,180.40,175.06,114.60,,,,,
4/21/2020,67.09,173.81,167.82,109.85,,,,,
4/22/2020,69.03,175.98,173.52,110.64,,,,,
4/23/2020,68.76,175.05,171.42,112.91,,,,,
4/24/2020,70.74,177.00,174.55,114.04,,,,,
4/27/2020,70.79,183.54,174.05,115.20,,,,,
4/28/2020,69.65,187.01,169.81,115.46,,,,,
4/29/2020,71.93,190.03,177.43,120.06,,,,,
4/30/2020,73.45,183.42,179.21,116.38,,,,,
5/1/2020,72.27,177.10,174.57,110.88,,,,,
5/4/2020,73.29,176.03,178.84,107.72,,,,,
5/5/2020,74.39,178.30,180.76,108.91,,,,,
5/6/2020,75.16,176.92,182.54,107.67,,,,,
5/7/2020,75.94,182.32,183.60,107.29,,,,,
5/8/2020,77.53,185.39,184.68,112.11,,,,,
5/11/2020,78.75,183.16,186.74,108.61,,,,,
5/12/2020,77.85,177.21,182.51,105.00,,,,,
5/13/2020,76.91,171.80,179.75,104.48,,,,,
5/14/2020,77.39,174.45,180.53,106.19,,,,,
5/15/2020,76.93,171.87,183.16,107.92,,,,,
5/18/2020,78.74,181.88,184.91,115.02,,,,,
5/19/2020,78.29,177.83,183.63,112.08,,,,,
5/20/2020,79.81,181.44,185.66,115.69,,,,,
5/21/2020,79.21,180.10,183.43,114.06,,,,,
5/22/2020,79.72,179.93,183.51,112.47,,,,,
5/26/2020,79.18,196.06,181.57,117.41,,,,,
5/27/2020,79.53,209.66,181.81,122.42,,,,,
5/28/2020,79.56,201.22,181.40,120.74,,,,,
5/29/2020,79.49,196.49,183.25,120.13,,,,,
6/1/2020,80.46,199.93,182.83,120.50,,,,,
6/2/2020,80.83,204.14,184.91,123.32,,,,,
6/3/2020,81.28,210.57,185.36,127.09,,,,,
6/4/2020,80.58,214.82,182.92,128.96,,,,,
6/5/2020,82.88,217.92,187.20,135.12,,,,,
6/8/2020,83.37,220.81,188.36,137.72,,,,,
6/9/2020,86.00,218.10,189.80,134.19,,,,,
6/10/2020,88.21,213.52,196.84,132.44,,,,,
6/11/2020,83.98,194.13,186.27,121.55,,,,,
6/12/2020,84.70,201.78,187.74,123.15,,,,,
6/15/2020,85.75,206.31,188.94,123.61,,,,,
6/16/2020,88.02,209.59,193.57,130.11,,,,,
6/17/2020,87.90,206.19,194.24,128.23,,,,,
6/18/2020,87.93,203.84,196.32,127.59,,,,,
6/19/2020,87.43,201.63,195.15,127.46,,,,,
6/22/2020,89.72,203.42,200.57,125.79,,,,,
6/23/2020,91.63,204.78,201.91,126.25,,,,,
6/24/2020,90.02,198.02,197.84,122.06,,,,,
6/25/2020,91.21,207.10,200.34,124.71,,,,,
6/26/2020,88.41,189.19,196.33,122.39,,,,,
6/29/2020,90.45,193.47,198.44,125.25,,,,,
6/30/2020,91.20,197.62,203.51,126.50,,,,,
7/1/2020,91.03,197.57,204.70,126.06,,,,,
7/2/2020,91.03,197.40,206.26,127.72,,,,,
7/6/2020,93.46,207.36,210.70,129.43,,,,,
7/7/2020,93.17,199.36,208.25,127.20,,,,,
7/8/2020,95.34,202.25,212.83,128.13,,,,,
7/9/2020,95.68,196.83,214.32,125.73,,,,,
7/10/2020,95.92,205.56,213.67,128.01,,,,,
7/13/2020,95.48,208.88,207.07,130.57,,,,,
7/14/2020,97.06,214.01,208.35,136.88,,,,,
7/15/2020,97.73,216.90,208.04,138.36,,,,,
7/16/2020,96.52,214.67,203.92,138.56,,,,,
7/17/2020,96.33,211.41,202.88,136.90,,,,,
7/20/2020,98.36,211.71,211.60,134.63,,,,,
7/21/2020,97.00,212.02,208.75,135.87,,,,,
7/22/2020,97.27,206.00,211.75,136.98,,,,,
7/23/2020,92.85,203.02,202.54,136.60,,,,,
7/24/2020,92.62,201.47,201.30,137.58,,,,,
7/27/2020,94.81,203.02,203.85,139.89,,,,,
7/28/2020,93.25,201.62,202.02,138.03,,,,,
7/29/2020,95.04,202.58,204.06,140.53,,,,,
7/30/2020,96.19,199.53,203.90,136.73,,,,,
7/31/2020,106.26,197.96,205.01,132.88,,,,,
8/3/2020,108.94,199.39,216.54,131.78,,,,,
8/4/2020,109.67,201.64,213.29,131.52,,,,,
8/5/2020,110.06,204.52,212.94,134.97,,,,,
8/6/2020,113.90,204.25,216.35,134.39,,,,,
8/7/2020,111.11,208.27,212.48,134.92,,,,,
8/10/2020,112.73,209.38,208.25,142.02,,,,,
8/11/2020,109.38,211.06,203.38,142.53,,,,,
8/12/2020,113.01,212.13,209.19,142.57,,,,,
8/13/2020,115.01,208.39,208.70,140.67,,,,,
8/14/2020,114.91,207.97,208.90,139.96,,,,,
8/17/2020,114.61,203.07,210.28,138.72,,,,,
8/18/2020,115.56,201.31,211.49,138.37,,,,,
8/19/2020,115.71,203.02,209.70,138.02,,,,,
8/20/2020,118.28,201.85,214.58,137.48,,,,,
8/21/2020,124.37,202.43,213.02,138.43,,,,,
8/24/2020,125.86,207.34,213.69,141.68,,,,,
8/25/2020,124.83,206.00,216.47,141.15,,,,,
8/26/2020,126.52,207.22,221.15,141.83,,,,,
8/27/2020,125.01,210.15,226.58,143.37,,,,,
8/28/2020,124.81,207.71,228.91,143.63,,,,,
8/31/2020,129.04,204.87,225.53,142.31,,,,,
9/1/2020,134.18,205.46,227.27,146.05,,,,,
9/2/2020,131.40,210.04,231.65,149.27,,,,,
9/3/2020,120.88,207.56,217.30,146.76,,,,,
9/4/2020,120.96,210.94,214.25,148.18,,,,,
9/8/2020,112.82,202.48,202.66,148.52,,,,,
9/9/2020,117.32,202.22,211.29,152.69,,,,,
9/10/2020,113.49,200.01,205.37,149.86,,,,,
9/11/2020,112.00,200.92,204.03,153.83,,,,,
9/14/2020,115.36,201.34,205.41,153.51,,,,,
9/15/2020,115.54,198.00,208.78,148.60,,,,,
9/16/2020,112.13,200.68,205.05,151.11,,,,,
9/17/2020,110.34,194.83,202.91,153.87,,,,,
9/18/2020,106.84,194.86,200.39,152.39,,,,,
9/21/2020,110.08,194.00,202.54,145.33,,,,,
9/22/2020,111.81,191.62,207.42,147.15,,,,,
9/23/2020,107.12,186.12,200.59,144.38,,,,,
9/24/2020,108.22,195.11,203.19,145.14,,,,,
9/25/2020,112.28,194.95,207.82,145.91,,,,,
9/28/2020,114.96,199.07,209.44,147.68,,,,,
9/29/2020,114.09,196.79,207.26,147.41,,,,,
9/30/2020,115.81,200.97,210.33,149.15,,,,,
10/1/2020,116.79,198.55,212.46,146.71,,,,,
10/2/2020,113.02,199.90,206.19,149.94,,,,,
10/5/2020,116.50,201.80,210.38,153.49,,,,,
10/6/2020,113.16,201.09,205.91,151.53,,,,,
10/7/2020,115.08,203.60,209.83,154.77,,,,,
10/8/2020,114.97,207.98,210.58,156.66,,,,,
10/9/2020,116.97,207.54,215.81,158.94,,,,,
10/12/2020,124.40,214.12,221.40,162.61,,,,,
10/13/2020,121.10,210.81,222.86,162.12,,,,,
10/14/2020,121.19,211.23,220.86,163.61,,,,,
10/15/2020,120.71,208.60,219.66,165.04,,,,,
10/16/2020,119.02,206.21,219.66,168.75,,,,,
10/19/2020,115.98,205.69,214.22,167.53,,,,,
10/20/2020,117.51,208.03,214.65,168.99,,,,,
10/21/2020,116.87,202.91,214.80,167.40,,,,,
10/22/2020,115.75,205.40,214.89,169.66,,,,,
10/23/2020,115.04,205.04,216.23,168.59,,,,,
10/26/2020,115.05,201.14,210.08,163.20,,,,,
10/27/2020,116.60,195.68,213.25,157.91,,,,,
10/28/2020,111.20,189.77,202.68,151.16,,,,,
10/29/2020,115.32,189.94,204.72,154.67,,,,,
10/30/2020,108.86,189.04,202.47,157.05,,,,,
11/2/2020,108.77,190.20,202.33,163.27,,,,,
11/3/2020,110.44,197.93,206.43,167.69,,,,,
11/4/2020,114.95,197.87,216.39,155.23,,,,,
11/5/2020,119.03,202.96,223.29,163.09,,,,,
11/6/2020,118.69,201.26,223.72,161.29,,,,,
11/9/2020,116.32,214.93,218.39,170.82,,,,,
11/10/2020,115.97,217.47,211.01,172.30,,,,,
11/11/2020,119.49,218.05,216.55,169.46,,,,,
11/12/2020,119.21,214.51,215.44,169.13,,,,,
11/13/2020,119.26,219.08,216.51,171.71,,,,,
11/16/2020,120.30,222.38,217.23,173.19,,,,,
11/17/2020,119.39,224.65,214.46,171.91,,,,,
11/18/2020,118.03,224.30,211.08,172.74,,,,,
11/19/2020,118.64,224.57,212.42,172.90,,,,,
11/20/2020,117.34,223.35,210.39,172.23,,,,,
11/23/2020,113.85,228.83,210.11,174.78,,,,,
11/24/2020,115.17,237.50,213.86,176.90,,,,,
11/25/2020,116.03,236.54,213.87,174.63,,,,,
11/27/2020,116.59,235.40,215.23,175.08,,,,,
11/30/2020,119.05,230.58,214.07,173.59,,,,,
12/1/2020,122.72,232.08,216.21,173.26,,,,,
12/2/2020,123.08,237.65,215.37,173.87,,,,,
12/3/2020,122.94,235.47,214.24,174.63,,,,,
12/4/2020,122.25,239.58,214.36,182.21,,,,,
12/7/2020,123.75,238.45,214.29,178.71,,,,,
12/8/2020,124.38,238.84,216.01,178.84,,,,,
12/9/2020,121.78,242.82,211.80,180.07,,,,,
12/10/2020,123.24,244.40,210.52,178.85,,,,,
12/11/2020,122.41,239.99,213.26,179.29,,,,,
12/14/2020,121.78,237.79,214.20,178.05,,,,,
12/15/2020,127.88,242.43,214.13,181.74,,,,,
12/16/2020,127.81,243.77,219.28,179.50,,,,,
12/17/2020,128.70,244.43,219.42,179.17,,,,,
12/18/2020,126.66,242.13,218.59,180.96,,,,,
12/21/2020,128.23,256.98,222.59,180.16,,,,,
12/22/2020,131.88,250.09,223.94,176.58,,,,,
12/23/2020,130.96,256.45,221.02,178.42,,,,,
12/24/2020,131.97,256.16,222.75,179.56,,,,,
12/28/2020,136.69,259.59,224.96,178.37,,,,,
12/29/2020,134.87,258.01,224.15,176.65,,,,,
12/30/2020,133.72,259.45,221.68,180.04,,,,,
12/31/2020,132.69,263.71,222.42,182.02,,,,,
1/4/2021,129.41,265.00,217.69,182.15,,,,,
1/5/2021,131.01,270.93,217.90,183.64,,,,,
1/6/2021,126.60,285.55,212.25,193.86,,,,,
1/7/2021,130.92,291.65,218.29,194.23,,,,,
1/8/2021,132.05,290.08,219.62,194.26,,,,,
1/11/2021,128.98,293.83,217.49,193.86,,,,,
1/12/2021,128.80,302.21,214.93,197.54,,,,,
1/13/2021,130.89,302.94,216.34,195.89,,,,,
1/14/2021,128.91,307.87,213.02,197.40,,,,,
1/15/2021,127.14,301.01,212.65,194.62,,,,,
1/19/2021,127.83,294.20,216.44,194.06,,,,,
1/20/2021,132.03,290.47,224.34,192.34,,,,,
1/21/2021,136.87,289.37,224.97,192.19,,,,,
1/22/2021,139.07,289.39,225.95,191.94,,,,,
1/25/2021,142.92,283.04,229.53,187.34,,,,,
1/26/2021,143.16,281.76,232.33,187.21,,,,,
1/27/2021,142.06,273.33,232.90,180.63,,,,,
1/28/2021,137.09,275.02,238.93,184.34,,,,,
1/29/2021,131.96,271.17,231.96,182.84,,,,,
2/1/2021,134.14,274.73,239.65,184.72,,,,,
2/2/2021,134.99,286.97,239.51,192.50,,,,,
2/3/2021,133.94,288.55,243.00,191.45,,,,,
2/4/2021,137.39,293.75,242.01,191.65,,,,,
2/5/2021,136.76,293.50,242.20,193.00,,,,,
2/8/2021,136.91,300.15,242.47,197.45,,,,,
2/9/2021,136.01,300.46,243.77,197.28,,,,,
2/10/2021,135.39,304.28,242.82,197.72,,,,,
2/11/2021,135.13,302.32,244.49,198.35,,,,,
2/12/2021,135.37,306.32,244.99,197.99,,,,,
2/16/2021,133.19,311.96,243.70,202.38,,,,,
2/17/2021,130.84,312.74,244.20,202.30,,,,,
2/18/2021,129.71,309.90,243.79,199.92,,,,,
2/19/2021,129.87,315.62,240.97,209.91,,,,,
2/22/2021,126.00,316.87,234.51,218.06,,,,,
2/23/2021,125.86,319.21,233.27,220.18,,,,,
2/24/2021,125.35,330.64,234.55,222.47,,,,,
2/25/2021,120.99,327.76,228.99,221.82,,,,,
2/26/2021,121.26,319.48,232.38,215.88,,,,,
3/1/2021,127.79,329.92,236.94,219.76,,,,,
3/2/2021,125.12,330.94,233.87,215.82,,,,,
3/3/2021,122.06,334.43,227.56,214.91,,,,,
3/4/2021,120.13,329.29,226.73,212.77,,,,,
3/5/2021,121.42,327.37,231.60,220.16,,,,,
3/8/2021,116.36,334.19,227.39,221.58,,,,,
3/9/2021,121.09,330.59,233.78,216.80,,,,,
3/10/2021,119.98,342.02,232.42,221.06,,,,,
3/11/2021,121.96,342.10,237.13,219.76,,,,,
3/12/2021,121.03,348.81,235.75,229.00,,,,,
3/15/2021,123.99,346.05,234.81,230.74,,,,,
3/16/2021,125.57,341.71,237.71,226.46,,,,,
3/17/2021,124.76,344.95,237.04,233.63,,,,,
3/18/2021,120.53,348.00,230.72,230.68,,,,,
3/19/2021,119.99,344.20,230.35,225.29,,,,,
3/22/2021,123.39,339.33,235.99,226.02,,,,,
3/23/2021,122.54,331.77,237.58,218.25,,,,,
3/24/2021,120.09,328.65,235.46,221.23,,,,,
3/25/2021,120.59,330.55,232.34,224.25,,,,,
3/26/2021,121.21,327.39,236.48,229.50,,,,,
3/29/2021,121.39,325.73,235.24,230.22,,,,,
3/30/2021,119.90,332.01,231.85,233.08,,,,,
3/31/2021,122.15,327.00,235.77,231.87,,,,,
4/1/2021,123.00,327.64,242.35,232.74,,,,,
4/5/2021,125.90,323.54,249.07,233.71,,,,,
4/6/2021,126.21,327.06,247.86,230.64,,,,,
4/7/2021,127.90,326.55,249.90,230.41,,,,,
4/8/2021,130.36,331.14,253.25,230.48,,,,,
4/9/2021,133.00,330.81,255.85,230.75,,,,,
4/12/2021,131.24,331.84,255.91,230.93,,,,,
4/13/2021,134.43,327.68,258.49,229.35,,,,,
4/14/2021,132.03,335.35,255.59,232.58,,,,,
4/15/2021,134.50,338.55,259.50,232.52,,,,,
4/16/2021,134.16,342.31,260.74,233.36,,,,,
4/19/2021,134.84,343.09,258.74,232.39,,,,,
4/20/2021,133.11,331.88,258.26,227.63,,,,,
4/21/2021,133.50,335.27,260.58,232.46,,,,,
4/22/2021,131.94,330.85,257.17,228.89,,,,,
4/23/2021,134.32,339.35,261.15,230.11,,,,,
4/26/2021,134.72,343.52,261.55,230.56,,,,,
4/27/2021,134.39,346.63,261.97,230.34,,,,,
4/28/2021,133.58,348.11,254.56,232.30,,,,,
4/29/2021,133.48,352.97,252.51,227.47,,,,,
4/30/2021,131.46,348.45,252.18,228.11,,,,,
5/3/2021,132.54,350.16,251.86,228.17,,,,,
5/4/2021,127.85,349.84,247.79,233.41,,,,,
5/5/2021,128.10,357.62,246.47,237.88,,,,,
5/6/2021,129.74,365.97,249.73,237.07,,,,,
5/7/2021,130.21,370.89,252.46,240.99,,,,,
5/10/2021,126.85,368.68,247.18,242.61,,,,,
5/11/2021,125.91,359.92,246.23,239.30,,,,,
5/12/2021,122.77,354.40,239.00,237.32,,,,,
5/13/2021,124.97,358.81,243.03,240.07,,,,,
5/14/2021,127.45,368.77,248.15,242.23,,,,,
5/17/2021,126.27,369.25,245.18,244.79,,,,,
5/18/2021,124.85,364.56,243.08,239.47,,,,,
5/19/2021,124.69,358.38,243.12,236.87,,,,,
5/20/2021,127.31,359.78,246.48,234.99,,,,,
5/21/2021,125.43,366.26,245.17,237.24,,,,,
5/24/2021,127.10,368.29,250.78,239.05,,,,,
5/25/2021,126.90,364.51,251.72,237.17,,,,,
5/26/2021,126.85,367.40,251.49,237.71,,,,,
5/27/2021,125.28,371.37,249.31,241.28,,,,,
5/28/2021,124.61,372.02,249.68,241.08,,,,,
6/1/2021,124.28,382.44,247.40,242.76,,,,,
6/2/2021,125.06,383.44,247.30,243.46,,,,,
6/3/2021,123.54,388.72,245.71,243.84,,,,,
6/4/2021,125.89,391.45,250.79,244.02,,,,,
6/7/2021,125.90,388.16,253.81,239.76,,,,,
6/8/2021,126.74,384.70,252.57,240.16,,,,,
6/9/2021,127.13,382.78,253.59,234.65,,,,,
6/10/2021,126.11,373.94,257.24,225.73,,,,,
6/11/2021,127.35,378.05,257.89,220.70,,,,,
6/14/2021,130.48,372.92,259.89,219.01,,,,,
6/15/2021,129.64,371.30,258.36,219.46,,,,,
6/16/2021,130.15,371.00,257.38,217.16,,,,,
6/17/2021,131.79,361.50,260.90,209.45,,,,,
6/18/2021,130.46,348.83,259.43,208.86,,,,,
6/21/2021,132.30,357.54,262.63,213.21,,,,,
6/22/2021,133.98,357.53,265.51,213.13,,,,,
6/23/2021,133.70,361.05,265.27,213.79,,,,,
6/24/2021,133.41,368.75,266.69,219.34,,,,,
6/25/2021,133.11,368.77,265.02,216.31,,,,,
6/28/2021,134.78,368.71,268.72,216.27,,,,,
6/29/2021,136.33,372.62,271.40,215.10,,,,,
6/30/2021,136.96,379.53,270.90,217.63,,,,,
7/1/2021,137.27,374.99,271.60,216.71,,,,,
7/2/2021,139.96,374.16,277.65,217.76,,,,,
7/6/2021,142.02,369.86,277.66,213.52,,,,,
7/7/2021,144.57,367.67,279.93,214.69,,,,,
7/8/2021,143.24,358.94,277.42,212.11,,,,,
7/9/2021,145.11,371.76,277.94,217.42,,,,,
7/12/2021,144.50,380.50,277.32,218.58,,,,,
7/13/2021,145.64,375.98,280.98,215.19,,,,,
7/14/2021,149.15,374.40,282.51,211.64,,,,,
7/15/2021,148.48,373.35,281.03,211.41,,,,,
7/16/2021,146.39,364.80,280.75,207.95,,,,,
7/19/2021,142.45,354.72,277.01,203.08,,,,,
7/20/2021,146.15,364.76,279.32,207.96,,,,,
7/21/2021,145.40,373.50,281.40,210.73,,,,,
7/22/2021,146.80,372.71,286.14,209.16,,,,,
7/23/2021,148.56,374.05,289.67,209.53,,,,,
7/26/2021,148.99,375.90,289.05,211.03,,,,,
7/27/2021,146.77,374.84,286.54,209.90,,,,,
7/28/2021,144.98,374.23,286.22,211.44,,,,,
7/29/2021,145.64,377.55,286.50,212.56,,,,,
7/30/2021,145.86,374.88,284.91,206.75,,,,,
8/2/2021,145.52,378.19,284.82,205.16,,,,,
8/3/2021,147.36,380.36,287.12,208.50,,,,,
8/4/2021,146.95,377.86,286.51,204.52,,,,,
8/5/2021,147.06,384.30,289.52,207.19,,,,,
8/6/2021,146.14,397.89,289.46,208.35,,,,,
8/9/2021,146.09,399.88,288.33,208.89,,,,,
8/10/2021,145.60,407.97,286.44,214.07,,,,,
8/11/2021,145.86,413.89,286.95,221.66,,,,,
8/12/2021,148.89,415.00,289.81,220.24,,,,,
8/13/2021,149.10,410.78,292.85,218.57,,,,,
8/16/2021,151.12,408.35,294.60,217.71,,,,,
8/17/2021,150.19,404.97,293.08,213.44,,,,,
8/18/2021,146.36,398.80,290.73,209.81,,,,,
8/19/2021,146.70,393.57,296.77,204.45,,,,,
8/20/2021,148.19,395.87,304.36,204.94,,,,,
8/23/2021,149.71,401.45,304.65,209.14,,,,,
8/24/2021,149.62,408.56,302.62,212.59,,,,,
8/25/2021,148.36,413.12,302.01,214.76,,,,,
8/26/2021,147.54,412.41,299.09,211.24,,,,,
8/27/2021,148.60,419.69,299.72,212.83,,,,,
8/30/2021,153.12,413.60,303.59,211.45,,,,,
8/31/2021,151.83,413.51,301.88,210.87,,,,,
9/1/2021,152.51,413.66,301.83,207.96,,,,,
9/2/2021,153.65,414.50,301.15,211.78,,,,,
9/3/2021,154.30,411.31,301.14,210.37,,,,,
9/7/2021,156.69,410.32,300.18,208.23,,,,,
9/8/2021,155.11,405.00,300.21,206.77,,,,,
9/9/2021,154.07,404.58,297.25,205.42,,,,,
9/10/2021,148.97,403.48,295.71,205.01,,,,,
9/13/2021,149.55,409.26,296.99,206.20,,,,,
9/14/2021,148.12,403.69,299.79,202.33,,,,,
9/15/2021,149.03,401.95,304.82,205.73,,,,,
9/16/2021,148.79,396.68,305.22,203.60,,,,,
9/17/2021,146.06,391.46,299.87,199.75,,,,,
9/20/2021,142.94,378.13,294.30,190.82,,,,,
9/21/2021,143.43,375.84,294.80,189.84,,,,,
9/22/2021,145.85,385.47,298.58,191.35,,,,,
9/23/2021,146.83,391.86,299.56,196.62,,,,,
9/24/2021,146.92,390.85,299.35,196.82,,-0.02408916259,-0.02612556895,-0.0368751641,0.002746225668
9/27/2021,145.37,399.81,294.17,200.00,,,,,
9/28/2021,141.91,389.50,283.52,200.55,,,,,
9/29/2021,142.83,384.89,284.00,197.87,,,,,
9/30/2021,141.50,378.03,281.92,191.97,,,,,
10/1/2021,142.65,380.00,289.10,194.33,,,,,
10/4/2021,139.14,374.15,283.11,193.13,,,,,
10/5/2021,141.11,385.81,288.76,192.50,,,,,
10/6/2021,142.00,388.05,293.11,191.86,,,,,
10/7/2021,143.29,390.62,294.85,195.75,,,,,
10/8/2021,142.90,392.81,294.85,195.16,,,,,
10/11/2021,142.81,385.24,294.23,192.89,,,,,
10/12/2021,141.51,386.53,292.88,189.92,,,,,
10/13/2021,140.91,386.31,296.31,188.94,,,,,
10/14/2021,143.76,391.20,302.75,194.33,,,,,
10/15/2021,144.84,406.07,304.21,199.02,,,,,
10/18/2021,146.55,413.69,307.29,198.18,,,,,
10/19/2021,148.76,412.16,308.23,201.14,,,,,
10/20/2021,149.26,407.89,307.41,204.19,,,,,
10/21/2021,149.48,407.59,310.76,202.14,,,,,
10/22/2021,148.69,414.32,309.16,200.65,,,,,
10/25/2021,148.64,414.75,308.13,202.21,,,,,
10/26/2021,149.32,417.61,310.11,199.64,,,,,
10/27/2021,148.85,410.99,323.17,196.13,,,,,
10/28/2021,152.57,414.82,324.35,204.09,,,,,
10/29/2021,149.80,413.35,331.62,204.01,,,,,
11/1/2021,148.96,416.70,329.37,205.38,,,,,
11/2/2021,150.02,423.85,333.13,207.12,,,,,
11/3/2021,151.49,417.90,334.00,203.55,,,,,
11/4/2021,150.96,408.07,336.44,203.59,,,,,
11/5/2021,151.28,407.08,336.06,205.88,,,,,
11/8/2021,150.44,408.34,336.99,214.25,,,,,
11/9/2021,150.81,405.35,335.95,209.81,,,,,
11/10/2021,147.92,399.12,330.80,206.67,,,,,
11/11/2021,147.87,402.34,332.43,208.53,,,,,
11/12/2021,149.99,404.91,336.72,209.27,,,,,
11/15/2021,150.00,404.81,336.07,207.71,,,,,
11/16/2021,151.00,403.09,339.51,205.43,,,,,
11/17/2021,153.49,391.55,339.12,202.98,,,,,
11/18/2021,157.87,391.37,341.27,201.42,,,,,
11/19/2021,160.55,387.39,343.11,200.44,,,,,
11/22/2021,161.02,396.16,339.83,202.38,,,,,
11/23/2021,161.41,406.34,337.68,205.33,,,,,
11/24/2021,161.94,399.19,337.91,207.07,,,,,
11/26/2021,156.81,389.39,329.68,198.73,,,,,
11/29/2021,160.24,386.54,336.63,195.92,,,,,
11/30/2021,165.30,380.99,330.59,193.35,,,,,
12/1/2021,164.77,376.48,330.08,191.47,,,,,
12/2/2021,163.76,387.54,329.49,196.79,,,,,
12/3/2021,161.84,382.73,323.01,197.80,,,,,
12/6/2021,165.32,389.30,326.19,201.28,,,,,
12/7/2021,171.18,400.11,334.92,204.49,,,,,
12/8/2021,175.08,397.32,334.97,204.19,,,,,
12/9/2021,174.56,396.49,333.10,204.13,,,,,
12/10/2021,179.45,391.06,342.54,203.46,,,,,
12/13/2021,175.74,384.64,339.40,201.25,,,,,
12/14/2021,174.33,388.82,328.34,201.64,,,,,
12/15/2021,179.30,389.91,334.65,202.55,,,,,
12/16/2021,172.26,397.37,324.90,206.17,,,,,
12/17/2021,171.14,381.80,323.80,201.37,,,,,
12/20/2021,169.75,371.61,319.91,195.46,,,,,
12/21/2021,172.99,380.32,327.29,198.31,,,,,
12/22/2021,175.64,382.33,333.20,202.15,,,,,
12/23/2021,176.28,385.04,334.69,206.20,,,,,
12/27/2021,180.33,388.04,342.45,206.38,,,,,
12/28/2021,179.29,387.61,341.25,206.62,,,,,
12/29/2021,179.38,386.20,341.95,207.33,,,,,
12/30/2021,178.20,385.52,339.32,206.08,,,,,
12/31/2021,177.57,382.55,336.32,206.74,,,,,
1/3/2022,182.01,395.33,334.75,207.00,,,,,
1/4/2022,179.70,407.48,329.01,218.08,,,,,
1/5/2022,174.92,398.63,316.38,219.75,,,,,
1/6/2022,172.00,396.93,313.88,221.99,,,,,
1/7/2022,172.17,397.51,314.04,224.19,,,,,
1/10/2022,172.19,399.17,314.27,221.64,,,,,
1/11/2022,175.08,403.05,314.98,219.95,,,,,
1/12/2022,175.53,390.31,318.27,222.40,,,,,
1/13/2022,172.19,390.80,304.80,227.00,,,,,
1/14/2022,173.07,380.94,310.20,228.94,,,,,
1/18/2022,169.80,354.40,302.65,229.87,,,,,
1/19/2022,166.23,347.32,303.33,221.66,,,,,
1/20/2022,164.51,348.10,301.60,216.63,,,,,
1/21/2022,162.41,343.91,296.03,214.09,,,,,
1/24/2022,161.62,343.39,296.37,214.33,,,,,
1/25/2022,159.78,341.55,288.49,214.31,,,,,
1/26/2022,159.69,342.68,296.71,214.29,,,,,
1/27/2022,159.22,341.03,299.84,212.17,,,,,
1/28/2022,170.33,347.01,308.26,201.16,,,,,
1/31/2022,174.78,354.68,310.98,201.56,,,,,
2/1/2022,174.61,364.06,308.76,205.35,,,,,
2/2/2022,175.84,363.06,313.46,204.94,,,,,
2/3/2022,172.90,358.88,301.25,200.59,,,,,
2/4/2022,172.39,367.60,305.94,198.41,,,,,
2/7/2022,171.66,368.15,300.95,199.82,,,,,
2/8/2022,174.83,370.10,304.56,201.50,,,,,
2/9/2022,176.28,374.53,311.21,203.60,,,,,
2/10/2022,172.12,370.57,302.38,203.07,,,,,
2/11/2022,168.64,363.06,295.04,201.24,,,,,
2/14/2022,168.88,360.24,295.00,199.89,,,,,
2/15/2022,172.79,363.94,300.47,203.41,,,,,
2/16/2022,172.55,360.05,299.50,203.64,,,,,
2/17/2022,168.88,349.06,290.73,194.74,,,,,
2/18/2022,167.30,346.04,287.93,191.95,,,,,
2/22/2022,164.32,344.27,287.72,191.21,,,,,
2/23/2022,160.07,341.19,280.27,186.67,,,,,
2/24/2022,162.74,340.19,294.59,184.69,,,,,
2/25/2022,164.85,350.12,297.31,187.06,,,,,
2/28/2022,165.12,341.29,298.79,187.58,,,,,
3/1/2022,163.20,328.20,294.95,182.83,,,,,
3/2/2022,166.56,336.38,300.19,192.61,,,,,
3/3/2022,166.23,333.42,295.92,194.85,,,,,
3/4/2022,163.17,329.67,289.86,195.66,,,,,
3/7/2022,159.30,321.89,278.91,196.70,,,,,
3/8/2022,157.44,321.37,275.85,210.00,,,,,
3/9/2022,162.95,333.59,288.50,209.78,,,,,
3/10/2022,158.52,329.90,285.59,211.79,,,,,
3/11/2022,154.73,327.00,280.07,214.83,,,,,
3/14/2022,150.62,324.98,276.44,215.44,,,,,
3/15/2022,155.09,329.16,287.15,216.46,,,,,
3/16/2022,159.59,340.76,294.39,216.08,,,,,
3/17/2022,160.62,343.27,295.22,221.70,,,,,
3/18/2022,163.98,345.38,300.43,220.91,,,,,
3/21/2022,165.38,339.00,299.16,223.71,,,,,
3/22/2022,168.82,343.01,304.06,222.71,,,,,
3/23/2022,170.21,335.61,299.49,222.17,,,,,
3/24/2022,174.07,336.23,304.10,222.21,,,,,
3/25/2022,174.72,337.49,303.68,223.36,,,,,
3/28/2022,175.60,335.30,310.70,221.85,,,,,
3/29/2022,178.96,339.66,315.41,221.04,,,,,
3/30/2022,177.77,335.59,313.86,223.08,,,,,
3/31/2022,174.61,330.10,308.31,222.82,,,,,
4/1/2022,174.31,330.22,309.42,219.77,,,,,
4/4/2022,178.44,328.21,314.97,220.81,,,,,
4/5/2022,175.06,323.96,310.88,216.02,,,,,
4/6/2022,171.83,316.26,299.50,216.21,,,,,
4/7/2022,172.14,314.15,301.37,215.90,,,,,
4/8/2022,170.09,321.39,296.97,217.03,,,,,
4/11/2022,165.75,320.76,285.26,216.05,,,,,
4/12/2022,167.66,319.78,282.06,216.70,,,,,
4/13/2022,170.40,321.97,287.62,218.27,,,,,
4/14/2022,165.29,321.64,279.83,227.81,,,,,
4/18/2022,165.07,329.88,280.52,229.92,,,,,
4/19/2022,167.40,335.95,285.30,232.16,,,,,
4/20/2022,167.23,341.06,286.36,235.08,,,,,
4/21/2022,166.42,334.30,280.81,232.57,,,,,
4/22/2022,161.79,319.77,274.03,216.30,,,,,
4/25/2022,162.88,321.42,280.72,216.70,,,,,
4/26/2022,156.80,313.12,270.22,210.30,,,,,
4/27/2022,156.57,313.23,283.22,213.96,,,,,
4/28/2022,163.64,318.41,289.63,212.44,,,,,
4/29/2022,157.65,305.49,277.52,210.54,,,,,
5/2/2022,157.96,310.42,284.47,212.07,,,,,
5/3/2022,159.48,314.66,281.78,213.62,,,,,
5/4/2022,166.02,324.11,289.98,222.59,,,,,
5/5/2022,156.77,313.07,277.35,215.93,,,,,
5/6/2022,157.28,312.96,274.73,214.65,,,,,
5/9/2022,152.06,308.89,264.58,206.29,,,,,
5/10/2022,154.51,305.06,269.50,202.99,,,,,
5/11/2022,146.50,301.55,260.55,205.21,,,,,
5/12/2022,142.56,299.41,255.35,203.03,,,,,
5/13/2022,147.11,306.99,261.12,204.33,,,,,
5/16/2022,145.54,303.44,261.50,207.19,,,,,
5/17/2022,149.24,312.97,266.82,213.09,,,,,
5/18/2022,140.82,306.73,254.08,207.94,,,,,
5/19/2022,137.35,308.20,253.14,206.76,,,,,
5/20/2022,137.59,306.80,252.56,197.82,,,,,
5/23/2022,143.11,316.61,260.65,204.15,,,,,
5/24/2022,140.36,313.95,259.62,205.65,,,,,
5/25/2022,140.52,314.90,262.52,209.31,,,,,
5/26/2022,143.78,323.63,265.90,212.99,,,,,
5/27/2022,149.64,328.58,273.24,217.14,,,,,
5/31/2022,148.84,326.85,271.87,215.85,,,,,
6/1/2022,148.71,321.85,272.42,217.57,,,,,
6/2/2022,151.21,324.25,274.58,220.00,,,,,
6/3/2022,145.38,318.68,270.02,222.90,,,,,
6/6/2022,146.14,320.51,268.75,223.63,,,,,
6/7/2022,148.71,321.51,272.50,227.10,,,,,
6/8/2022,147.96,314.68,270.41,229.80,,,,,
6/9/2022,142.64,304.22,264.79,223.67,,,,,
6/10/2022,137.13,287.02,252.99,215.18,,,,,
6/13/2022,131.88,283.32,242.26,206.88,,,,,
6/14/2022,132.76,282.54,244.49,206.69,,,,,
6/15/2022,135.43,290.07,251.76,206.00,,,,,
6/16/2022,130.06,284.98,244.97,194.79,,,,,
6/17/2022,131.56,279.79,247.65,192.64,,,,,
6/21/2022,135.87,284.81,253.74,196.37,,,,,
6/22/2022,135.35,284.54,253.13,187.83,,,,,
6/23/2022,138.27,286.17,258.86,178.67,,,,,
6/24/2022,141.66,302.75,267.70,185.49,,,,,
6/27/2022,141.66,300.78,264.89,187.59,,,,,
6/28/2022,137.44,299.49,256.48,187.44,,,,,
6/29/2022,139.23,303.28,260.26,183.48,,,,,
6/30/2022,136.72,297.02,256.83,178.76,,,,,
7/1/2022,138.93,299.23,259.58,178.29,,,,,
7/5/2022,141.56,297.20,262.85,173.76,,,,,
7/6/2022,142.92,293.76,266.21,172.31,,,,,
7/7/2022,146.35,298.60,268.40,180.28,,,,,
7/8/2022,147.04,296.47,267.66,179.10,,,,,
7/11/2022,144.87,293.18,264.51,175.02,,,,,
7/12/2022,145.86,292.53,253.67,174.49,,,,,
7/13/2022,145.49,290.15,252.72,173.87,,,,,
7/14/2022,148.47,281.59,254.08,169.94,,,,,
7/15/2022,150.17,293.87,256.72,173.38,,,,,
7/18/2022,147.07,301.26,254.25,173.49,,,,,
7/19/2022,151.00,318.05,259.53,179.49,,,,,
7/20/2022,153.04,321.45,262.27,179.97,,,,,
7/21/2022,155.35,326.54,264.84,180.99,,,,,
7/22/2022,154.09,323.93,260.36,178.62,,,,,
7/25/2022,152.95,324.12,258.83,181.81,,,,,
7/26/2022,151.60,318.55,251.90,181.23,,,,,
7/27/2022,156.79,324.54,268.74,185.25,,,,,
7/28/2022,157.35,329.11,276.41,187.84,,,,,
7/29/2022,162.51,333.39,280.74,198.25,,,,,
8/1/2022,161.51,332.08,278.01,194.86,,,,,
8/2/2022,160.01,327.88,274.82,183.51,,,,,
8/3/2022,166.13,333.17,282.47,182.87,,,,,
8/4/2022,165.81,331.87,283.65,183.64,,,,,
8/5/2022,165.35,334.67,282.91,185.39,,,,,
8/8/2022,164.87,334.68,280.32,185.81,,,,,
8/9/2022,164.92,336.62,282.30,186.03,,,,,
8/10/2022,169.24,347.91,289.16,190.72,,,,,
8/11/2022,168.49,351.68,287.02,194.00,,,,,
8/12/2022,172.10,353.82,291.91,196.84,,,,,
8/15/2022,173.19,355.85,293.47,195.95,,,,,
8/16/2022,173.03,354.97,292.71,197.52,,,,,
8/17/2022,174.55,353.74,291.32,195.93,,,,,
8/18/2022,174.15,354.52,290.17,197.35,,,,,
8/19/2022,171.52,349.27,286.15,195.60,,,,,
8/22/2022,167.57,342.42,277.75,191.76,,,,,
8/23/2022,167.23,340.18,276.44,197.21,,,,,
8/24/2022,167.53,341.94,275.79,194.16,,,,,
8/25/2022,170.03,346.49,278.85,198.88,,,,,
8/26/2022,163.62,336.40,268.09,191.92,,,,,
8/29/2022,161.38,333.92,265.23,191.78,,,,,
8/30/2022,158.91,333.63,262.97,186.94,,,,,
8/31/2022,157.22,332.67,261.47,184.71,,,,,
9/1/2022,157.96,333.50,260.40,182.44,,,,,
9/2/2022,155.81,331.48,256.06,180.83,,,,,
9/6/2022,154.53,326.49,253.25,180.66,,,,,
9/7/2022,155.96,330.56,258.09,180.86,,,,,
9/8/2022,154.46,335.38,258.52,183.15,,,,,
9/9/2022,157.37,340.10,264.46,189.49,,,,,
9/12/2022,163.43,342.58,266.65,192.40,,,,,
9/13/2022,153.84,328.39,251.99,184.31,,,,,
9/14/2022,155.31,327.26,252.22,184.65,,,,,
9/15/2022,152.37,331.62,245.38,182.49,,,,,
9/16/2022,150.70,326.21,244.74,179.47,,,,,
9/19/2022,154.48,328.66,244.52,182.11,,,,,
9/20/2022,156.90,323.26,242.45,177.99,,,,,
9/21/2022,153.72,320.71,238.95,171.95,,,,,
9/22/2022,152.74,312.92,240.98,170.55,,,,,
9/23/2022,150.43,301.97,237.92,164.24,,,,,
9/26/2022,150.77,294.62,237.45,162.62,,,,,
9/27/2022,151.76,291.38,236.41,162.44,,,,,
9/28/2022,149.84,300.79,241.07,167.76,,,,,
9/29/2022,142.48,296.11,237.50,165.90,,,,,
9/30/2022,138.20,293.05,232.90,164.08,,,,,
10/3/2022,142.45,299.15,240.74,171.23,,,,,
10/4/2022,146.10,314.87,248.88,179.63,,,,,
10/5/2022,146.40,309.00,249.20,178.38,,,,,
10/6/2022,145.43,304.67,246.79,178.81,,,,,
10/7/2022,140.09,301.08,234.24,177.55,,,,,
10/10/2022,140.42,300.54,229.25,178.67,,,,,
10/11/2022,138.98,294.21,225.41,179.75,,,,,
10/12/2022,138.34,295.31,225.75,179.50,,,,,
10/13/2022,142.99,307.07,234.24,183.14,,,,,
10/14/2022,138.38,299.99,228.56,178.19,,,,,
10/17/2022,142.41,306.71,237.53,180.80,,,,,
10/18/2022,143.75,313.85,238.50,183.55,,,,,
10/19/2022,143.86,311.76,236.48,184.41,,,,,
10/20/2022,143.39,310.81,236.15,180.54,,,,,
10/21/2022,147.27,325.10,242.12,190.22,,,,,
10/24/2022,149.45,328.70,247.25,191.30,,,,,
10/25/2022,152.34,332.40,250.66,194.84,,,,,
10/26/2022,149.35,335.69,231.32,196.96,,,,,
10/27/2022,144.80,337.18,226.75,212.14,,,,,
10/28/2022,155.74,341.82,235.87,219.34,,,,,
10/31/2022,153.34,344.51,232.13,216.46,,,,,
11/1/2022,150.65,348.58,228.17,218.50,,,,,
11/2/2022,145.03,349.79,220.10,214.54,,,,,
11/3/2022,138.88,348.87,214.25,219.26,,,,,
11/4/2022,138.38,357.91,221.39,227.85,,,,,
11/7/2022,138.92,362.56,227.87,228.61,,,,,
11/8/2022,139.50,364.02,228.87,229.81,,,,,
11/9/2022,134.87,362.00,224.51,225.54,,,,,
11/10/2022,146.87,378.31,242.98,232.45,,,,,
11/11/2022,149.70,385.17,247.11,236.49,,,,,
11/14/2022,148.28,382.36,241.55,236.50,,,,,
11/15/2022,150.04,382.88,241.97,234.59,,,,,
11/16/2022,148.79,382.33,241.73,232.42,,,,,
11/17/2022,150.72,379.78,241.68,230.44,,,,,
11/18/2022,151.29,379.20,241.22,231.43,,,,,
11/21/2022,148.01,380.21,242.05,232.17,,,,,
11/22/2022,150.18,383.87,245.03,237.26,,,,,
11/23/2022,151.07,386.25,247.58,236.92,,,,,
11/25/2022,148.11,388.86,247.49,235.70,,,,,
11/28/2022,144.22,382.36,241.76,232.30,,,,,
11/29/2022,141.17,383.71,240.33,235.12,,,,,
11/30/2022,148.03,386.15,255.14,236.41,,,,,
12/1/2022,148.31,383.81,254.69,235.69,,,,,
12/2/2022,147.81,380.58,255.02,236.13,,,,,
12/5/2022,146.63,371.54,250.20,232.57,,,,,
12/6/2022,142.91,362.91,245.12,228.29,,,,,
12/7/2022,140.94,359.92,244.37,228.98,,,,,
12/8/2022,142.65,358.08,247.40,230.92,,,,,
12/9/2022,142.16,359.14,245.42,227.29,,,,,
12/12/2022,144.49,363.18,252.51,233.06,,,,,
12/13/2022,145.47,368.69,256.92,235.49,,,,,
12/14/2022,143.21,360.38,257.22,234.48,,,,,
12/15/2022,136.50,349.83,249.01,230.66,,,,,
12/16/2022,134.51,346.35,244.69,232.72,,,,,
12/19/2022,132.37,344.61,240.45,232.29,,,,,
12/20/2022,132.30,344.49,241.80,235.14,,,,,
12/21/2022,135.45,350.16,244.43,241.73,,,,,
12/22/2022,132.23,345.58,238.19,237.54,,,,,
12/23/2022,131.86,345.51,238.73,239.87,,,,,
12/27/2022,130.03,341.97,236.96,243.14,,,,,
12/28/2022,126.04,340.87,234.53,239.38,,,,,
12/29/2022,129.61,343.43,241.01,240.20,,,,,
12/30/2022,129.93,343.38,239.82,239.56,,,,,
1/3/2023,125.07,346.22,239.58,238.88,,,,,
1/4/2023,126.36,347.70,229.10,241.36,,,,,
1/5/2023,125.02,343.76,222.31,240.28,,,,,
1/6/2023,129.62,348.08,224.93,248.86,,,,,
1/9/2023,130.15,353.00,227.12,246.62,,,,,
1/10/2023,130.73,357.36,228.85,250.51,,,,,
1/11/2023,133.49,364.48,235.77,250.73,,,,,
1/12/2023,133.41,369.94,238.51,255.07,,,,,
1/13/2023,134.76,374.00,239.23,258.46,,,,,
1/17/2023,135.94,349.92,240.35,256.26,,,,,
1/18/2023,135.21,349.09,235.81,252.82,,,,,
1/19/2023,135.27,350.75,231.93,245.75,,,,,
1/20/2023,137.87,341.84,240.22,249.71,,,,,
1/23/2023,141.11,349.14,242.58,252.70,,,,,
1/24/2023,142.53,348.33,242.04,257.61,,,,,
1/25/2023,141.86,349.63,240.61,258.44,,,,,
1/26/2023,143.96,354.97,248.00,262.12,,,,,
1/27/2023,145.93,353.70,248.16,264.54,,,,,
1/30/2023,143.00,357.46,242.71,261.50,,,,,
1/31/2023,144.29,365.81,247.81,252.29,,,,,
2/1/2023,145.43,365.71,252.75,249.54,,,,,
2/2/2023,150.82,369.47,264.60,244.90,,,,,
2/3/2023,154.50,369.95,258.35,247.76,,,,,
2/6/2023,151.73,370.80,256.77,251.42,,,,,
2/7/2023,154.65,374.40,267.56,249.66,,,,,
2/8/2023,151.92,375.10,266.73,248.87,,,,,
2/9/2023,150.87,367.99,263.62,246.28,,,,,
2/10/2023,151.01,371.28,263.10,247.67,,,,,
2/13/2023,153.85,374.02,271.32,248.15,,,,,
2/14/2023,153.20,371.78,272.17,244.36,,,,,
2/15/2023,155.33,374.34,269.32,248.70,,,,,
2/16/2023,153.71,370.20,262.15,246.52,,,,,
2/17/2023,152.55,368.50,258.06,247.79,,,,,
2/21/2023,148.48,361.12,252.67,240.71,,,,,
2/22/2023,148.91,360.89,251.51,237.89,,,,,
2/23/2023,149.40,363.54,254.77,237.95,,,,,
2/24/2023,146.71,363.85,249.22,236.17,,,,,
2/27/2023,147.92,365.53,250.16,239.98,,,,,
2/28/2023,147.41,351.65,249.42,239.55,,,,,
3/1/2023,145.31,346.23,246.27,248.67,,,,,
3/2/2023,145.91,349.10,251.11,252.18,,,,,
3/3/2023,151.03,357.09,255.29,255.31,,,,,
3/6/2023,153.83,357.05,256.87,253.98,,,,,
3/7/2023,151.60,346.08,254.15,246.14,,,,,
3/8/2023,152.87,349.29,253.70,248.72,,,,,
3/9/2023,150.59,342.09,252.32,240.96,,,,,
3/10/2023,148.50,327.67,248.59,227.01,,,,,
3/13/2023,150.47,315.51,253.92,224.70,,,,,
3/14/2023,152.59,322.15,260.79,225.67,,,,,
3/15/2023,152.99,312.19,265.44,217.26,,,,,
3/16/2023,155.85,315.09,276.20,218.71,,,,,
3/17/2023,155.00,303.54,279.43,215.01,,,,,
3/20/2023,157.40,309.53,272.23,220.31,,,,,
3/21/2023,159.28,317.28,273.78,224.92,,,,,
3/22/2023,157.83,313.67,272.29,219.95,,,,,
3/23/2023,158.93,314.85,277.66,219.44,,,,,
3/24/2023,160.25,312.57,280.57,217.01,,,,,
3/27/2023,158.28,318.53,276.38,218.00,,,,,
3/28/2023,157.65,318.44,275.23,220.16,,,,,
3/29/2023,160.77,320.72,280.51,223.00,,,,,
3/30/2023,162.36,321.14,284.05,224.54,,,,,
3/31/2023,164.90,327.11,288.30,228.84,,,,,
4/3/2023,166.17,326.52,287.23,229.87,,,,,
4/4/2023,165.63,322.65,287.18,217.45,,,,,
4/5/2023,163.76,321.53,284.34,213.53,,,,,
4/6/2023,164.66,322.40,291.60,209.17,,,,,
4/10/2023,162.03,324.96,289.39,215.53,,,,,
4/11/2023,160.80,327.37,282.83,220.60,,,,,
4/12/2023,160.10,330.24,283.49,220.50,,,,,
4/13/2023,165.56,332.13,289.84,221.67,,,,,
4/14/2023,165.21,336.92,286.14,223.68,,,,,
4/17/2023,165.23,339.68,288.80,225.24,,,,,
4/18/2023,166.47,333.91,288.37,225.20,,,,,
4/19/2023,167.63,336.89,288.45,224.65,,,,,
4/20/2023,166.65,338.71,286.11,222.27,,,,,
4/21/2023,165.02,341.66,285.76,220.27,,,,,
4/24/2023,165.33,343.96,281.77,223.43,,,,,
4/25/2023,163.77,339.48,275.42,218.63,,,,,
4/26/2023,163.76,336.56,295.37,216.19,,,,,
4/27/2023,168.41,341.60,304.83,214.33,,,,,
4/28/2023,169.68,343.44,307.26,218.80,,,,,
5/1/2023,169.59,340.57,305.56,217.27,,,,,
5/2/2023,168.54,333.37,305.41,215.15,,,,,
5/3/2023,167.45,328.65,304.40,215.64,,,,,
5/4/2023,165.79,321.26,305.41,210.38,,,,,
5/5/2023,173.57,327.02,310.65,215.09,,,,,
5/8/2023,173.50,326.51,308.65,214.79,,,,,
5/9/2023,171.77,324.77,307.00,213.49,,,,,
5/10/2023,173.56,322.55,312.31,213.17,,,,,
5/11/2023,173.75,320.72,310.11,210.03,,,,,
5/12/2023,172.57,319.50,308.97,209.54,,,,,
5/15/2023,172.07,322.07,309.46,211.29,,,,,
5/16/2023,172.07,320.81,311.74,207.20,,,,,
5/17/2023,172.69,330.18,314.00,212.10,,,,,
5/18/2023,175.05,329.58,318.52,214.72,,,,,
5/19/2023,175.16,326.15,318.34,214.78,,,,,
5/22/2023,174.20,324.92,321.18,214.26,,,,,
5/23/2023,171.56,323.57,315.26,212.71,,,,,
5/24/2023,171.84,319.81,313.85,209.70,,,,,
5/25/2023,172.99,323.88,325.92,209.98,,,,,
5/26/2023,175.43,332.01,332.89,211.80,,,,,
5/30/2023,177.30,330.83,331.21,209.90,,,,,
5/31/2023,177.25,323.90,328.39,205.75,,,,,
6/1/2023,180.09,316.40,332.58,209.07,,,,,
6/2/2023,180.95,323.65,335.40,226.63,,,,,
6/5/2023,179.58,321.81,335.94,222.47,,,,,
6/6/2023,179.21,326.80,333.68,226.68,,,,,
6/7/2023,177.82,335.75,323.38,235.55,,,,,
6/8/2023,180.57,335.47,325.26,234.45,,,,,
6/9/2023,180.96,336.02,326.79,235.03,,,,,
6/12/2023,183.79,339.49,331.85,237.90,,,,,
6/13/2023,183.31,342.50,334.29,245.44,,,,,
6/14/2023,183.95,338.42,337.34,243.32,,,,,
6/15/2023,186.01,339.74,348.10,247.67,,,,,
6/16/2023,184.92,338.31,342.33,245.27,,,,,
6/20/2023,185.01,330.72,338.05,241.15,,,,,
6/21/2023,183.96,325.07,333.56,241.48,,,,,
6/22/2023,187.00,319.58,339.71,237.34,,,,,
6/23/2023,186.68,314.71,335.02,234.44,,,,,
6/26/2023,185.27,312.36,328.60,236.95,,,,,
6/27/2023,188.06,313.45,334.57,240.69,,,,,
6/28/2023,189.25,313.66,335.85,241.87,,,,,
6/29/2023,189.59,323.09,335.05,244.24,,,,,
6/30/2023,193.97,322.54,340.54,246.05,,,,,
7/3/2023,192.46,326.61,337.99,247.33,,,,,
7/5/2023,191.33,320.05,338.15,244.83,,,,,
7/6/2023,191.81,313.00,341.27,240.58,,,,,
7/7/2023,190.68,315.17,337.22,245.18,,,,,
7/10/2023,188.61,316.47,331.83,248.81,,,,,
7/11/2023,188.08,320.88,332.47,252.85,,,,,
7/12/2023,189.77,326.40,337.20,253.60,,,,,
7/13/2023,190.54,328.68,342.66,255.86,,,,,
7/14/2023,190.69,326.19,345.24,255.62,,,,,
7/17/2023,193.99,327.20,345.73,257.46,,,,,
7/18/2023,193.73,337.27,359.49,263.81,,,,,
7/19/2023,195.10,340.55,355.08,262.75,,,,,
7/20/2023,193.13,350.86,346.87,261.09,,,,,
7/21/2023,191.94,351.96,343.77,257.65,,,,,
7/24/2023,192.75,358.93,345.11,259.37,,,,,
7/25/2023,193.62,354.70,350.98,262.06,,,,,
7/26/2023,194.50,357.56,337.77,258.32,,,,,
7/27/2023,193.22,354.51,330.72,258.30,,,,,
7/28/2023,195.83,353.23,338.37,260.43,,,,,
7/31/2023,196.45,355.87,335.92,265.17,,,,,
8/1/2023,195.61,357.72,336.34,288.65,,,,,
8/2/2023,192.58,351.10,327.50,287.57,,,,,
8/3/2023,191.17,353.16,326.66,281.45,,,,,
8/4/2023,181.99,353.22,327.78,276.44,,,,,
8/7/2023,178.85,355.56,330.11,281.65,,,,,
8/8/2023,179.80,348.26,326.05,282.89,,,,,
8/9/2023,178.19,342.69,322.23,284.53,,,,,
8/10/2023,177.97,340.40,322.93,283.82,,,,,
8/11/2023,177.79,340.73,321.01,285.22,,,,,
8/14/2023,179.46,337.74,324.04,284.54,,,,,
8/15/2023,177.45,332.21,321.86,277.37,,,,,
8/16/2023,176.57,329.11,320.40,274.51,,,,,
8/17/2023,174.00,327.52,316.88,275.17,,,,,
8/18/2023,174.49,324.93,316.48,273.80,,,,,
8/21/2023,175.84,322.06,321.88,272.75,,,,,
8/22/2023,177.23,318.79,322.46,270.20,,,,,
8/23/2023,181.12,322.33,327.00,273.03,,,,,
8/24/2023,176.38,319.96,319.97,269.30,,,,,
8/25/2023,178.61,320.15,322.98,272.56,,,,,
8/28/2023,180.19,325.97,323.70,274.79,,,,,
8/29/2023,184.12,332.55,328.41,280.03,,,,,
8/30/2023,187.65,328.58,328.79,282.33,,,,,
8/31/2023,187.87,327.71,327.76,281.13,,,,,
9/1/2023,189.46,327.40,328.66,286.25,,,,,
9/5/2023,189.70,323.75,333.55,281.63,,,,,
9/6/2023,182.91,321.13,332.88,282.90,,,,,
9/7/2023,177.56,321.96,329.91,281.43,,,,,
9/8/2023,178.18,325.52,334.27,282.28,,,,,
9/11/2023,179.36,324.65,337.94,282.05,,,,,
9/12/2023,176.30,330.90,331.77,281.81,,,,,
9/13/2023,174.21,334.98,336.06,275.92,,,,,
9/14/2023,175.74,344.57,338.70,282.56,,,,,
9/15/2023,175.01,342.54,330.22,279.15,,,,,
9/18/2023,177.97,343.32,329.06,280.94,,,,,
9/19/2023,179.07,341.89,328.65,279.67,,,,,
9/20/2023,175.49,336.70,320.77,278.61,,,,,
9/21/2023,173.93,330.24,319.53,272.03,,,,,
9/22/2023,174.79,327.89,317.01,273.06,,,,,
9/25/2023,176.08,328.84,317.54,274.27,,,,,
9/26/2023,171.96,323.82,312.14,269.52,,,,,
9/27/2023,170.43,321.95,312.79,272.71,,,,,
9/28/2023,170.69,325.20,313.64,276.24,,,,,
9/29/2023,171.21,323.57,315.75,273.00,,,,,
10/2/2023,173.75,318.50,321.80,271.72,,,,,
10/3/2023,172.40,306.12,313.39,268.97,,,,,
10/4/2023,173.66,308.60,318.96,265.03,,,,,
10/5/2023,174.91,310.50,319.36,260.80,,,,,
10/6/2023,177.49,312.48,327.26,266.04,,,,,
10/9/2023,178.99,312.61,329.82,271.30,,,,,
10/10/2023,178.39,314.77,328.39,273.21,,,,,
10/11/2023,179.80,313.02,332.42,272.83,,,,,
10/12/2023,180.71,309.85,331.16,269.61,,,,,
10/13/2023,178.85,309.30,327.73,267.94,,,,,
10/16/2023,178.72,314.39,332.64,270.79,,,,,
10/17/2023,177.15,309.36,332.06,272.65,,,,,
10/18/2023,175.84,301.96,330.11,259.22,,,,,
10/19/2023,175.46,299.19,331.32,252.89,,,,,
10/20/2023,172.88,300.05,326.67,249.20,,,,,
10/23/2023,173.00,299.22,329.32,247.32,,,,,
10/24/2023,173.44,299.18,330.53,249.55,,,,,
10/25/2023,171.10,296.76,340.67,244.94,,,,,
10/26/2023,166.89,296.99,327.89,242.43,,,,,
10/27/2023,168.22,289.91,329.81,238.56,,,,,
10/30/2023,170.29,300.83,337.31,242.16,,,,,
10/31/2023,170.77,303.61,338.11,226.05,,,,,
11/1/2023,173.97,307.16,346.07,231.83,,,,,
11/2/2023,177.57,313.76,348.32,239.12,,,,,
11/3/2023,176.65,327.62,352.80,240.75,,,,,
11/6/2023,179.23,323.91,356.53,238.28,,,,,
11/7/2023,181.82,323.95,360.53,234.92,,,,,
11/8/2023,182.89,324.56,363.20,234.82,,,,,
11/9/2023,182.41,320.78,360.69,234.15,,,,,
11/10/2023,186.40,325.51,369.67,239.68,,,,,
11/13/2023,184.80,326.91,366.68,241.67,,,,,
11/14/2023,187.44,338.72,370.27,247.86,,,,,
11/15/2023,188.01,337.60,369.67,251.09,,,,,
11/16/2023,189.71,336.67,376.17,248.21,,,,,
11/17/2023,189.69,339.19,369.85,253.07,,,,,
11/20/2023,191.45,339.45,377.44,250.45,,,,,
11/21/2023,190.64,334.97,373.07,249.41,,,,,
11/22/2023,191.31,338.64,377.85,246.01,,,,,
11/24/2023,189.97,339.15,377.43,247.36,,,,,
11/27/2023,189.79,337.71,378.61,247.39,,,,,
11/28/2023,190.40,337.65,382.70,247.50,,,,,
11/29/2023,189.37,340.26,378.85,249.45,,,,,
11/30/2023,189.95,341.54,378.91,250.72,,,,,
12/1/2023,191.24,348.43,374.51,256.76,,,,,
12/4/2023,189.43,349.39,369.14,254.75,,,,,
12/5/2023,193.42,341.75,372.52,255.19,,,,,
12/6/2023,192.32,341.97,368.80,255.97,,,,,
12/7/2023,194.27,344.62,370.95,257.41,,,,,
12/8/2023,195.71,350.83,374.23,259.50,,,,,
12/11/2023,193.18,351.76,371.30,260.92,,,,,
12/12/2023,194.71,352.61,374.38,261.43,,,,,
12/13/2023,197.96,362.73,374.37,267.97,,,,,
12/14/2023,198.11,383.47,365.93,285.17,,,,,
12/15/2023,197.57,380.51,370.73,285.74,,,,,
12/18/2023,195.89,376.40,372.65,285.71,,,,,
12/19/2023,196.94,382.45,373.26,292.96,,,,,
12/20/2023,194.83,377.52,370.62,289.71,,,,,
12/21/2023,194.68,380.57,373.54,290.07,,,,,
12/22/2023,193.60,380.65,374.58,290.36,,,,,
12/26/2023,193.05,381.61,374.66,295.63,,,,,
12/27/2023,193.15,384.48,374.07,298.12,,,,,
12/28/2023,193.58,386.41,375.28,296.88,,,,,
12/29/2023,192.53,385.77,376.04,295.67,,,,,
1/2/2024,185.64,388.30,370.87,292.71,,,,,
1/3/2024,184.25,381.79,370.60,284.30,,,,,
1/4/2024,181.91,382.95,367.94,286.10,,,,,
1/5/2024,181.18,386.44,367.75,288.93,,,,,
1/8/2024,185.56,388.86,374.69,292.25,,,,,
1/9/2024,185.14,383.74,375.79,292.29,,,,,
1/10/2024,186.19,381.96,382.77,293.35,,,,,
1/11/2024,185.59,379.75,384.63,292.06,,,,,
1/12/2024,185.92,377.75,388.47,290.41,,,,,
1/16/2024,183.63,380.45,390.27,287.23,,,,,
1/17/2024,182.68,377.18,389.47,278.63,,,,,
1/18/2024,188.63,376.91,393.87,281.90,,,,,
1/19/2024,191.56,382.20,398.67,285.28,,,,,
1/22/2024,193.89,385.96,396.51,288.67,,,,,
1/23/2024,195.18,380.77,398.90,288.83,,,,,
1/24/2024,194.50,379.40,402.56,290.68,,,,,
1/25/2024,194.17,382.70,404.87,300.77,,,,,
1/26/2024,192.42,377.79,403.93,299.43,,,,,
1/29/2024,191.73,380.56,409.72,303.25,,,,,
1/30/2024,188.04,386.87,408.59,304.76,,,,,
1/31/2024,184.40,384.01,397.58,300.31,,,,,
2/1/2024,186.86,383.85,403.78,307.69,,,,,
2/2/2024,185.85,387.86,411.22,315.09,,,,,
2/5/2024,187.68,383.02,405.65,321.40,,,,,
2/6/2024,189.30,384.99,405.49,322.72,,,,,
2/7/2024,189.41,386.66,414.05,323.59,,,,,
2/8/2024,188.32,385.04,414.11,322.00,,,,,
2/9/2024,188.85,384.26,420.55,317.16,,,,,
2/12/2024,187.15,392.64,415.26,321.63,,,,,
2/13/2024,185.04,378.75,406.32,312.84,,,,,
2/14/2024,184.15,378.04,409.49,316.71,,,,,
2/15/2024,183.86,385.42,406.56,323.07,,,,,
2/16/2024,182.31,384.44,404.06,321.91,,,,,
2/20/2024,181.56,384.52,402.79,313.74,,,,,
2/21/2024,182.32,388.27,402.18,317.14,,,,,
2/22/2024,184.37,390.47,411.65,322.09,,,,,
2/23/2024,182.52,391.05,410.34,323.88,,,,,
2/26/2024,181.16,390.22,407.54,325.38,,,,,
2/27/2024,182.63,390.81,407.48,327.63,,,,,
2/28/2024,181.42,393.18,407.72,329.56,,,,,
2/29/2024,180.75,389.05,413.64,333.96,,,,,
3/1/2024,179.66,388.10,415.50,336.70,,,,,
3/4/2024,175.10,392.25,414.92,338.65,,,,,
3/5/2024,170.12,390.91,402.65,333.53,,,,,
3/6/2024,169.12,389.57,402.09,335.63,,,,,
3/7/2024,169.00,388.43,409.14,340.22,,,,,
3/8/2024,170.73,386.99,406.22,339.19,,,,,
3/11/2024,172.75,386.16,404.52,334.97,,,,,
3/12/2024,173.23,388.18,415.28,337.24,,,,,
3/13/2024,171.13,392.31,415.10,341.52,,,,,
3/14/2024,173.00,388.61,425.22,341.92,,,,,
3/15/2024,172.62,387.21,416.42,346.97,,,,,
3/18/2024,173.72,384.37,417.32,351.90,,,,,
3/19/2024,176.08,388.66,421.41,353.90,,,,,
3/20/2024,178.67,396.47,425.23,356.45,,,,,
3/21/2024,171.37,413.71,429.37,364.56,,,,,
3/22/2024,172.28,406.82,428.74,358.11,,,,,
3/25/2024,170.85,404.94,422.86,355.95,,,,,
3/26/2024,169.71,406.18,421.65,356.39,,,,,
3/27/2024,173.31,415.25,421.43,364.65,,,,,
3/28/2024,171.48,417.69,420.72,366.43,,,,,
4/1/2024,170.03,413.51,424.57,363.74,,,,,
4/2/2024,168.84,410.15,421.44,364.83,,,,,
4/3/2024,169.65,414.00,420.45,375.79,,,,,
4/4/2024,168.82,406.25,417.88,369.79,,,,,
4/5/2024,169.58,408.07,425.52,379.30,,,,,
4/8/2024,168.45,410.54,424.59,373.47,,,,,
4/9/2024,169.67,410.71,426.28,371.90,,,,,
4/10/2024,167.78,400.76,423.26,372.07,,,,,
4/11/2024,175.04,397.48,427.93,371.98,,,,,
4/12/2024,176.55,389.49,421.90,365.63,,,,,
4/15/2024,172.69,400.88,413.64,363.91,,,,,
4/16/2024,169.38,396.86,414.58,359.88,,,,,
4/17/2024,168.00,403.91,411.84,358.32,,,,,
4/18/2024,167.04,403.11,404.27,357.93,,,,,
4/19/2024,165.00,404.00,399.12,354.66,,,,,
4/22/2024,165.84,417.35,400.96,357.61,,,,,
4/23/2024,166.90,424.00,407.57,363.25,,,,,
4/24/2024,169.02,423.04,409.06,363.52,,,,,
4/25/2024,169.89,420.05,399.04,338.00,,,,,
4/26/2024,169.30,427.57,406.32,343.38,,,,,
4/29/2024,173.50,430.81,402.25,349.80,,,,,
4/30/2024,170.33,426.71,389.33,334.57,,,,,
5/1/2024,169.30,426.95,394.94,331.07,,,,,
5/2/2024,173.03,432.57,397.84,335.44,,,,,
5/3/2024,183.38,438.18,406.66,336.75,,,,,
5/6/2024,181.71,443.67,413.54,342.10,,,,,
5/7/2024,182.40,443.80,409.34,345.00,,,,,
5/8/2024,182.74,446.95,410.54,344.50,,,,,
5/9/2024,184.57,455.56,412.32,351.78,,,,,
5/10/2024,183.05,454.73,414.74,354.79,,,,,
5/13/2024,186.28,453.56,413.72,356.68,,,,,
5/14/2024,187.43,458.47,416.56,358.18,,,,,
5/15/2024,189.72,466.09,423.08,360.04,,,,,
5/16/2024,189.84,464.52,420.99,350.72,,,,,
5/17/2024,189.87,467.72,420.21,356.27,,,,,
5/20/2024,191.04,462.94,425.34,362.75,,,,,
5/21/2024,192.35,470.41,429.04,359.07,,,,,
5/22/2024,190.90,462.38,430.52,355.94,,,,,
5/23/2024,186.88,458.15,427.00,350.70,,,,,
5/24/2024,189.98,461.18,430.16,348.90,,,,,
5/28/2024,189.99,459.81,430.32,346.47,,,,,
5/29/2024,190.29,457.17,429.17,338.11,,,,,
5/30/2024,191.29,450.23,414.67,339.25,,,,,
5/31/2024,192.25,456.52,415.13,338.52,,,,,
6/3/2024,194.03,454.98,413.52,331.36,,,,,
6/4/2024,194.35,455.30,416.07,327.57,,,,,
6/5/2024,195.87,461.68,424.01,329.45,,,,,
6/6/2024,194.48,458.10,424.52,328.29,,,,,
6/7/2024,196.89,454.91,423.85,328.94,,,,,
6/10/2024,193.12,453.55,427.87,329.61,,,,,
6/11/2024,207.15,444.27,432.68,327.31,,,,,
6/12/2024,213.07,448.70,441.06,328.73,,,,,
6/13/2024,214.24,446.35,441.58,326.36,,,,,
6/14/2024,212.49,446.46,442.57,321.47,,,,,
6/17/2024,216.67,450.18,448.37,322.40,,,,,
6/18/2024,214.29,457.43,446.34,325.14,,,,,
6/20/2024,209.68,458.05,445.70,329.13,,,,,
6/21/2024,207.49,450.18,449.78,327.84,,,,,
6/24/2024,208.14,462.09,447.67,330.00,,,,,
6/25/2024,209.07,457.38,450.95,327.40,,,,,
6/26/2024,213.25,455.86,452.16,326.73,,,,,
6/27/2024,214.10,445.96,452.85,327.46,,,,,
6/28/2024,210.62,452.32,446.95,333.10,,,,,
7/1/2024,216.75,463.66,456.73,329.08,,,,,
7/2/2024,220.27,465.61,459.28,327.76,,,,,
7/3/2024,221.55,467.92,460.77,330.61,,,,,
7/5/2024,226.34,464.75,467.56,328.35,,,,,
7/8/2024,227.82,464.82,466.24,329.06,,,,,
7/9/2024,228.68,472.83,459.54,326.06,,,,,
7/10/2024,232.98,478.89,466.25,328.48,,,,,
7/11/2024,227.57,479.23,454.70,331.13,,,,,
7/12/2024,230.54,479.88,453.55,335.59,,,,,
7/15/2024,234.40,492.23,453.96,345.77,,,,,
7/16/2024,234.82,503.02,449.52,360.58,,,,,
7/17/2024,228.88,502.18,443.52,357.80,,,,,
7/18/2024,224.18,486.21,440.37,356.03,,,,,
7/19/2024,224.31,484.93,437.11,347.63,,,,,
7/22/2024,223.96,487.04,442.94,347.87,,,,,
7/23/2024,225.01,492.15,444.85,344.17,,,,,
7/24/2024,218.54,486.70,428.90,336.04,,,,,
7/25/2024,217.49,491.71,418.40,344.30,,,,,
7/26/2024,217.96,499.03,425.27,350.48,,,,,
7/29/2024,218.24,492.72,426.73,344.53,,,,,
7/30/2024,218.80,505.67,422.92,341.72,,,,,
7/31/2024,222.08,509.03,418.35,346.20,,,,,
8/1/2024,218.36,500.12,417.11,331.52,,,,,
8/2/2024,219.86,470.64,408.49,320.87,,,,,
8/5/2024,209.27,459.02,395.15,316.80,,,,,
8/6/2024,207.23,470.22,399.61,326.44,,,,,
8/7/2024,209.82,473.01,398.43,325.80,,,,,
8/8/2024,213.31,485.77,402.69,336.16,,,,,
8/9/2024,216.24,490.26,406.02,338.26,,,,,
8/12/2024,217.53,485.50,406.81,336.03,,,,,
8/13/2024,221.27,491.94,414.01,338.80,,,,,
8/14/2024,221.72,498.70,416.86,337.59,,,,,
8/15/2024,224.72,499.02,421.03,345.64,,,,,
8/16/2024,226.05,504.26,418.47,343.48,,,,,
8/19/2024,225.89,504.68,421.53,344.65,,,,,
8/20/2024,226.51,497.34,424.80,343.30,,,,,
8/21/2024,226.40,496.46,424.14,342.97,,,,,
8/22/2024,224.53,497.75,415.55,342.36,,,,,
8/23/2024,226.84,509.42,416.79,348.41,,,,,
8/26/2024,227.18,507.87,413.49,351.16,,,,,
8/27/2024,228.03,507.26,413.84,351.12,,,,,
8/28/2024,226.49,503.33,410.60,348.20,,,,,
8/29/2024,229.79,510.10,413.12,351.64,,,,,
8/30/2024,229.00,510.25,417.14,356.10,,,,,
9/3/2024,222.77,487.46,409.44,340.24,,,,,
9/4/2024,220.85,490.64,408.90,336.75,,,,,
9/5/2024,222.38,487.88,408.39,333.56,,,,,
9/6/2024,220.82,479.61,401.70,329.36,,,,,
9/9/2024,220.91,488.57,405.72,334.04,,,,,
9/10/2024,220.11,467.13,414.20,334.16,,,,,
9/11/2024,222.66,471.17,423.04,335.00,,,,,
9/12/2024,222.77,474.06,427.00,339.58,,,,,
9/13/2024,222.50,478.99,430.59,345.31,,,,,
9/16/2024,216.32,485.16,431.34,347.96,,,,,
9/17/2024,216.79,485.39,435.15,353.69,,,,,
9/18/2024,220.69,484.58,430.81,355.12,,,,,
9/19/2024,228.87,503.83,438.69,373.31,,,,,
9/20/2024,228.20,498.43,435.27,368.82,,,,,
9/23/2024,226.47,497.41,433.51,371.17,,,,,
9/24/2024,227.37,498.02,429.17,385.93,,,,,
9/25/2024,226.37,491.14,432.11,378.25,,,,,
9/26/2024,227.52,496.92,431.31,390.96,,,,,
9/27/2024,227.79,498.51,428.02,391.08,,,,,
9/30/2024,233.00,495.11,430.30,391.12,,,,,
10/1/2024,226.21,490.17,420.69,392.39,,,,,
10/2/2024,226.78,491.99,417.13,394.05,,,,,
10/3/2024,225.67,486.10,416.54,391.09,,,,,
10/4/2024,226.80,495.16,416.06,397.09,,,,,
10/7/2024,221.69,494.62,409.54,398.25,,,,,
10/8/2024,225.77,496.57,414.71,387.96,,,,,
10/9/2024,229.54,505.18,417.46,396.19,,,,,
10/10/2024,229.04,503.72,415.84,396.64,,,,,
10/11/2024,227.55,516.30,416.32,402.02,,,,,
10/14/2024,231.30,522.75,419.14,393.95,,,,,
10/15/2024,233.85,522.38,418.74,387.99,,,,,
10/16/2024,231.78,529.86,416.12,393.62,,,,,
10/17/2024,232.15,529.00,416.72,394.49,,,,,
10/18/2024,235.00,528.50,418.16,393.86,,,,,
10/21/2024,236.48,517.80,418.78,390.48,,,,,
10/22/2024,235.86,518.30,427.51,388.46,,,,,
10/23/2024,230.76,517.20,424.60,385.73,,,,,
10/24/2024,230.57,524.50,424.73,387.06,,,,,
10/25/2024,231.41,512.60,428.15,385.97,,,,,
10/28/2024,233.40,523.58,426.59,390.61,,,,,
10/29/2024,233.67,524.28,431.95,387.51,,,,,
10/30/2024,230.10,524.40,432.53,379.24,,,,,
10/31/2024,225.91,517.79,406.35,376.20,,,,,
11/1/2024,222.91,519.35,410.37,379.63,,,,,
11/4/2024,222.01,511.47,408.46,376.52,,,,,
11/5/2024,223.45,526.96,411.46,383.37,,,,,
11/6/2024,222.72,595.98,420.18,416.88,,,,,
11/7/2024,227.48,582.17,425.43,408.21,,,,,
11/8/2024,226.96,589.26,422.54,393.37,,,,,
11/11/2024,224.23,602.34,418.01,396.54,,,,,
11/12/2024,224.23,592.59,423.03,393.01,,,,,
11/13/2024,225.12,594.22,425.20,387.07,,,,,
11/14/2024,228.22,588.61,426.89,387.36,,,,,
11/15/2024,225.00,593.54,415.00,384.07,,,,,
11/18/2024,228.02,587.99,415.76,384.46,,,,,
11/19/2024,228.28,581.38,417.79,382.33,,,,,
11/20/2024,229.00,581.93,415.49,381.50,,,,,
11/21/2024,228.52,596.11,412.87,389.59,,,,,
11/22/2024,229.87,602.78,417.00,397.49,,,,,
11/25/2024,232.87,603.03,418.79,405.65,,,,,
11/26/2024,235.06,605.50,427.99,407.83,,,,,
11/27/2024,234.93,605.43,422.99,403.70,,,,,
11/29/2024,237.33,608.57,423.46,406.11,,,,,
12/2/2024,239.59,601.71,430.98,402.51,,,,,
12/3/2024,242.65,602.08,431.20,399.26,,,,,
12/4/2024,243.01,598.71,437.42,399.51,,,,,
12/5/2024,243.04,596.80,442.62,394.98,,,,,
12/6/2024,242.84,599.68,443.57,395.03,,,,,
12/9/2024,246.75,594.12,446.02,399.26,,,,,
12/10/2024,247.77,585.03,443.33,388.39,,,,,
12/11/2024,246.49,592.56,448.99,388.87,,,,,
12/12/2024,247.96,591.61,449.56,380.78,,,,,
12/13/2024,248.13,585.48,447.27,380.51,,,,,
12/16/2024,251.04,586.33,451.59,378.92,,,,,
12/17/2024,253.48,574.68,454.46,375.80,,,,,
12/18/2024,248.05,550.25,437.39,363.89,,,,,
12/19/2024,249.79,553.99,437.03,360.37,,,,,
12/20/2024,254.49,566.10,436.60,366.04,,,,,
12/23/2024,255.27,570.78,435.25,365.39,,,,,
12/24/2024,258.20,582.79,439.33,367.57,,,,,
12/26/2024,259.02,581.23,438.11,367.12,,,,,
12/27/2024,255.59,576.18,430.53,364.86,,,,,
12/30/2024,252.20,573.55,424.83,363.01,,,,,
12/31/2024,250.42,572.62,421.50,362.76,,,,,
1/2/2025,243.85,574.97,418.58,359.77,,,,,
1/3/2025,243.36,580.13,423.35,363.79,,,,,
1/6/2025,245.00,583.39,427.85,364.20,,,,,
1/7/2025,242.21,580.12,422.37,363.00,,,,,
1/8/2025,242.70,580.02,424.56,361.07,,,,,
1/10/2025,236.85,560.00,418.95,351.00,,,,,
1/13/2025,234.40,562.95,417.19,362.50,,,,,
1/14/2025,233.28,571.53,415.67,371.57,,,,,
1/15/2025,237.87,605.92,426.31,374.89,,,,,
1/16/2025,228.26,612.99,424.58,380.55,,,,,
1/17/2025,229.98,625.94,429.03,386.02,,,,,
1/21/2025,222.64,634.74,428.50,398.36,,,,,
1/22/2025,223.83,632.73,446.20,397.61,,,,,
1/23/2025,223.66,639.50,446.71,406.40,,,,,
1/24/2025,222.78,636.90,444.06,407.63,,,,,
1/27/2025,229.86,633.28,434.56,394.98,,,,,
1/28/2025,238.26,637.80,447.20,390.29,,,,,
1/29/2025,239.36,637.38,442.33,393.23,,,,,
1/30/2025,237.59,645.70,414.99,374.98,,,,,
1/31/2025,236.00,640.40,415.06,371.44,,,,,
2/3/2025,228.01,632.37,410.92,361.55,,,,,
2/4/2025,232.80,634.18,412.37,361.95,,,,,
2/5/2025,232.47,645.45,413.29,358.85,,,,,
2/6/2025,233.22,658.22,415.82,365.45,,,,,
2/7/2025,227.63,655.90,409.75,363.88,,,,,
2/10/2025,227.65,650.53,412.22,363.22,,,,,
2/11/2025,232.62,647.24,411.44,362.23,,,,,
2/12/2025,236.87,649.00,409.04,352.04,,,,,
2/13/2025,241.53,648.95,410.54,353.70,,,,,
2/14/2025,244.60,660.55,408.43,353.32,,,,,
2/18/2025,244.47,672.19,409.64,354.00,,,,,
2/19/2025,244.87,668.15,414.77,353.00,,,,,
2/20/2025,245.83,642.26,416.13,349.15,,,,,
2/21/2025,245.55,625.60,408.21,340.04,,,,,
2/24/2025,247.10,626.14,404.00,338.92,,,,,
2/25/2025,247.04,614.91,397.90,342.36,,,,,
2/26/2025,240.36,617.77,399.73,342.58,,,,,
2/27/2025,237.30,608.00,392.53,340.00,,,,,
2/28/2025,241.84,622.29,396.99,343.95,,,,,
3/3/2025,238.03,605.26,388.49,332.04,,,,,
3/4/2025,235.93,581.14,388.61,326.75,,,,,
3/5/2025,235.74,593.07,401.02,338.49,,,,,
3/6/2025,235.33,567.67,396.89,341.01,,,,,
3/7/2025,239.07,559.67,393.31,350.30,,,,,
3/10/2025,227.48,531.66,380.16,345.21,,,,,
3/11/2025,220.84,531.43,380.45,339.77,,,,,
3/12/2025,216.98,535.71,383.27,338.13,,,,,
3/13/2025,209.68,524.81,378.77,333.31,,,,,
3/14/2025,213.49,541.41,388.56,339.64,,,,,
3/17/2025,214.00,551.34,388.70,342.64,,,,,
3/18/2025,212.69,551.78,383.52,336.71,,,,,
3/19/2025,215.24,557.34,387.82,338.62,,,,,
3/20/2025,214.10,562.68,386.84,336.25,,,,,
3/21/2025,218.27,565.14,391.26,335.78,,,,,
3/24/2025,220.73,580.10,393.08,341.67,,,,,
3/25/2025,223.75,585.94,395.16,342.62,,,,,
3/26/2025,221.53,573.92,389.97,341.11,,,,,
3/27/2025,223.85,558.92,390.58,339.30,,,,,
3/28/2025,217.90,543.12,378.80,329.69,,,,,
3/31/2025,222.13,546.29,375.39,329.80,,,,,
4/1/2025,223.19,548.45,382.19,330.57,,,,,
4/2/2025,223.89,563.10,382.14,334.66,,,,,
4/3/2025,203.19,511.23,373.11,305.76,,,,,
4/4/2025,188.38,470.81,359.84,288.08,,,,,
4/7/2025,181.46,465.51,357.86,280.06,,,,,
4/8/2025,172.42,462.22,354.56,273.94,,,,,
4/9/2025,198.85,516.87,390.49,301.01,,,,,
4/10/2025,190.42,489.80,381.35,289.16,,,,,
4/11/2025,198.15,494.44,388.45,293.45,,,,,
4/14/2025,202.52,503.98,387.81,298.12,,,,,
4/15/2025,202.14,507.89,385.73,293.43,,,,,
4/16/2025,194.27,499.05,371.61,290.14,,,,,
4/17/2025,196.98,509.49,367.78,294.25,,,,,
4/21/2025,193.16,501.36,359.12,284.74,,,,,
4/22/2025,199.74,519.99,366.82,291.17,,,,,
4/23/2025,204.60,529.31,374.39,295.77,,,,,
4/24/2025,208.37,545.37,387.30,306.86,,,,,
4/25/2025,209.28,544.86,391.85,306.45,,,,,
4/28/2025,210.14,546.40,391.16,307.06,,,,,
4/29/2025,211.21,548.92,394.04,307.40,,,,,
4/30/2025,212.50,547.55,395.26,309.27,,,,,
5/1/2025,213.32,553.83,425.40,313.96,,,,,
5/2/2025,205.35,566.10,435.28,323.68,,,,,
5/5/2025,198.89,559.56,436.17,323.11,,,,,
5/6/2025,198.51,549.36,433.31,320.89,,,,,
5/7/2025,196.25,551.92,433.35,320.29,,,,,
5/8/2025,197.49,565.70,438.17,324.25,,,,,
5/9/2025,198.53,567.10,438.73,325.62,,,,,
5/12/2025,210.79,591.34,449.26,342.55,,,,,
5/13/2025,212.93,603.81,449.14,352.54,,,,,
5/14/2025,212.33,611.60,452.94,349.66,,,,,
5/15/2025,211.45,615.90,453.13,349.81,,,,,
5/16/2025,211.26,619.03,454.27,353.58,,,,,
5/19/2025,208.78,612.30,458.87,352.57,,,,,
5/20/2025,206.86,606.52,458.17,349.49,,,,,
5/21/2025,202.09,593.46,452.57,342.51,,,,,
5/22/2025,202.09,593.46,454.86,342.51,,,,,
5/23/2025,195.27,598.54,450.18,343.39,,,,,
5/27/2025,200.21,615.73,460.69,351.51,,,,,
5/28/2025,200.42,608.44,457.36,349.49,,,,,
5/29/2025,199.95,604.86,458.68,351.79,,,,,
5/30/2025,200.85,600.45,460.36,348.03,,,,,
6/2/2025,201.70,598.72,461.97,344.67,,,,,
6/3/2025,203.27,603.83,462.97,349.40,,,,,
6/4/2025,202.82,599.21,463.87,349.33,,,,,
6/5/2025,200.63,605.88,467.68,348.96,,,,,
6/6/2025,203.92,614.00,470.38,353.35,,,,,
6/9/2025,201.45,613.52,472.75,358.07,,,,,
6/10/2025,202.67,614.87,470.92,358.57,,,,,
6/11/2025,198.78,624.17,472.62,363.14,,,,,
6/12/2025,199.20,625.11,478.87,360.96,,,,,
6/13/2025,196.45,613.54,474.96,357.05,,,,,
6/16/2025,198.42,627.85,479.14,362.44,,,,,
6/17/2025,195.64,624.64,478.04,357.68,,,,,
6/18/2025,196.58,635.24,480.24,359.80,,,,,
6/20/2025,201.00,640.80,477.40,360.52,,,,,
6/23/2025,201.50,646.88,486.00,366.23,,,,,
6/24/2025,200.30,662.11,490.11,373.02,,,,,
6/25/2025,201.56,669.87,492.27,371.58,,,,,
6/26/2025,201.00,687.16,497.45,381.88,,,,,
6/27/2025,201.08,690.81,495.94,384.71,,,,,
6/30/2025,205.17,707.75,497.41,388.21,,,,,
7/1/2025,207.82,706.46,492.05,390.92,,,,,
7/2/2025,212.44,715.89,491.09,398.43,,,,,
7/3/2025,213.55,723.68,498.84,397.86,,,,,
7/7/2025,209.95,710.93,497.72,391.51,,,,,
7/8/2025,210.01,697.28,496.62,394.29,,,,,
7/9/2025,211.14,696.56,503.51,402.18,,,,,
7/10/2025,212.41,709.12,501.48,408.33,,,,,
7/11/2025,211.16,704.95,503.32,405.92,,,,,
7/14/2025,208.62,713.30,503.02,405.77,,,,,
7/15/2025,209.11,702.51,505.82,404.64,,,,,
7/16/2025,210.16,708.82,505.62,412.88,,,,,
7/17/2025,210.02,705.84,511.70,418.07,,,,,
7/18/2025,211.18,708.26,510.05,413.71,,,,,
7/21/2025,212.48,706.00,510.06,410.07,,,,,
7/22/2025,214.40,700.41,505.27,417.19,,,,,
7/23/2025,214.15,717.52,505.87,427.59,,,,,
7/24/2025,213.76,719.18,510.88,429.52,,,,,
7/25/2025,213.88,728.98,513.71,433.75,,,,,
7/28/2025,214.05,723.65,512.50,432.94,,,,,
7/29/2025,211.27,731.98,512.57,430.05,,,,,
7/30/2025,209.05,730.75,513.24,434.12,,,,,
7/31/2025,207.57,723.59,533.50,438.02,,,,,
8/1/2025,202.38,709.57,524.11,428.69,,,,,
8/4/2025,203.35,726.03,535.64,433.70,,,,,
8/5/2025,202.92,720.91,527.75,434.23,,,,,
8/6/2025,213.25,724.74,524.94,427.72,,,,,
8/7/2025,220.03,719.74,520.84,417.12,,,,,
8/8/2025,229.35,721.27,522.04,416.52,,,,,
8/11/2025,227.18,719.24,521.77,408.54,,,,,
8/12/2025,229.65,743.38,529.24,412.71,,,,,
8/13/2025,233.33,744.69,520.58,413.70,,,,,
8/14/2025,232.78,747.20,522.48,417.50,,,,,
8/15/2025,231.59,730.72,520.17,407.79,,,,,
8/18/2025,230.89,730.96,517.10,412.64,,,,,
8/19/2025,230.56,721.38,509.77,416.09,,,,,
8/20/2025,226.01,720.68,505.72,420.59,,,,,
8/21/2025,224.90,715.95,504.24,417.89,,,,,
8/22/2025,227.76,741.89,507.23,435.67,,,,,
8/25/2025,227.16,738.79,504.26,432.30,,,,,
8/26/2025,229.31,748.95,502.04,431.26,,,,,
8/27/2025,230.49,749.67,506.74,432.67,,,,,
8/28/2025,232.56,751.22,509.64,434.91,,,,,
8/29/2025,232.14,745.25,506.69,419.04,,,,,
9/2/2025,229.72,730.85,505.12,416.05,,,,,
9/3/2025,238.47,730.56,505.35,415.12,,,,,
9/4/2025,239.78,748.90,507.97,420.22,,,,,
9/5/2025,239.69,738.21,495.00,423.08,,,,,
9/8/2025,237.88,741.85,498.20,422.78,,,,,
9/9/2025,234.35,763.92,498.41,418.09,,,,,
9/10/2025,226.79,769.58,500.37,422.91,,,,,
9/11/2025,230.03,784.73,501.01,431.38,,,,,
9/12/2025,234.07,780.06,509.90,431.52,,,,,
9/15/2025,236.70,786.76,515.36,435.94,,,,,
9/16/2025,238.15,785.53,509.04,440.67,,,,,
9/17/2025,238.99,794.22,510.02,450.66,,,,,
9/18/2025,237.88,804.31,508.45,466.96,,,,,
9/19/2025,245.50,805.00,517.93,466.54,,,,,
9/22/2025,256.08,805.56,514.45,472.10,,,,,
9/23/2025,254.43,806.32,509.23,471.26,,,,,
9/24/2025,252.31,792.43,510.15,469.79,,,,,
9/25/2025,256.87,794.76,507.03,463.72,,,,,
9/26/2025,255.46,802.51,511.46,465.76,,,,,
9/29/2025,254.43,804.12,514.60,471.61,,,,,
9/30/2025,254.63,796.35,517.95,477.15,,,,,
10/1/2025,255.45,785.51,519.71,480.82,,,,,
10/2/2025,257.13,779.38,515.74,490.57,,,,,
10/3/2025,258.02,789.98,517.35,497.85,,,,,